"","sort_number","site","Genus_species","Family","growthform","height","loght","Country","Site","lat","long","alt","temp","diurn.temp","isotherm","temp.seas","temp.max.warm","temp.min.cold","temp.ann.range","temp.mean.wetqr","temp.mean.dryqr","temp.mean.warmqr","temp.mean.coldqr","rain","rain.wetm","rain.drym","rain.seas","rain.wetqr","rain.dryqr","rain.warmqr","rain.coldqr","LAI","NPP","hemisphere"
"1",1402,193,"Acer_macryophyllum","Sapindaceae","Tree",28,1.447158031,"USA","Oregon - McDun",44.6,-123.334,179,10.8,11.8,4.4,5.2,27,0.3,26.7,4.9,17.4,17.6,4.5,1208,217,13,69,601,68,75,560,2.51,572,1
"2",25246,103,"Quararibea_cordata","Malvaceae","Tree",26.6,1.424881637,"Peru","Manu",12.183,-70.55,386,24.5,10.8,7.4,0.9,31.2,16.7,14.5,25.1,23.2,25.3,23.1,3015,416,99,45,1177,340,928,359,4.26,1405,-1
"3",11648,54,"Eragrostis_dielsii","Poaceae","Herb",0.3,-0.522878745,"Australia","Central Australia",23.8,133.833,553,20.9,16.3,4.8,6,37,3.6,33.4,28.1,14.8,28.1,12.8,278,37,9,42,109,35,109,42,1.32,756,-1
"4",8168,144,"Cistus_salvifolius","Cistaceae","Shrub",1.6,0.204119983,"Israel","Hanadiv",32.555,34.938,115,19.9,9.7,4.4,4.9,30.7,8.7,22,13.6,25.3,25.7,13.6,598,159,0,115,408,0,2,408,1.01,359,1
"5",22422,178,"Phlox_bifida","Polemoniaceae","Herb",0.2,-0.698970004,"USA","Indiana Dunes",41.617,-86.95,200,9.7,10.7,2.8,9.7,28.6,-9.5,38.1,21.6,-3.3,21.6,-3.3,976,104,44,23,299,165,299,165,3.26,1131,1
"6",15925,59,"Homalium_betulifolium","Salicaceae","Shrub",1.7,0.230448921,"New Caledonia",NA,21.5,165.5,95,22.6,7.4,5.4,2.2,29,15.5,13.5,25.4,20.4,25.4,19.7,1387,216,59,46,600,186,600,212,6.99,1552,-1
"7",25151,27,"Pultenaea_microphylla","Fabaceae - P","Shrub",0.5,-0.301029996,"Australia","Kuringai Chase, Sydney",33.65,151.2,157,16.8,10,4.8,3.9,26.1,5.5,20.6,21.2,12.3,21.4,11.5,1283,157,63,29,450,208,385,279,4.14,1563,-1
"8",26007,118,"Rhizophora_mucronata","Rhizophoraceae","Tree",10,1,NA,"Marshall Islands",9,168,2,27.7,4.8,8.8,0.2,30.6,25.2,5.4,27.9,27.5,27.9,27.5,2585,300,82,34,870,305,855,405,NA,NA,1
"9",6597,154,"Carya_ovata","Juglandaceae","Tree",40,1.602059991,"USA","Colorado",35.8,-89.9,71,15.5,11.4,3.2,8.6,32.9,-2.6,35.5,15.6,21.5,26.1,3.8,1262,129,66,18,382,249,268,325,3.14,1266,1
"10",16908,106,"Ischaemum_nativitatis","Poaceae","Herb",0.5,-0.301029996,"Australia","Christmas Island",10.417,105.667,2,26.4,5,7.4,0.6,29.9,23.2,6.7,26.8,25.7,27.1,25.5,1704,309,16,66,806,92,659,135,4.51,2296,-1
"11",4610,201,"Betula_nana","Betulaceae","Shrub",0.55,-0.259637311,"Estonia",NA,58.5,25,28,5.4,6.6,2.1,8.3,21.2,-9,30.2,6.5,-1.6,16.1,-5,664,77,31,28,220,106,191,137,3.07,536,1
"12",1593,86,"Acmena_graveolens","Myrtaceae","Tree",32,1.505149978,"Australia","Cairns - Daintree canopy crane",16.103,145.446,263,25.2,8.3,5.8,2.1,31.9,17.8,14.1,27.2,22.8,27.5,22.3,2087,459,26,93,1294,92,1031,108,4.04,908,-1
"13",22359,69,"Phaleria_ixoroides","Thymelaeaceae","Tree",5,0.698970004,"Fiji","Viti Levu",17.8,178,1108,19.3,6.3,5.8,1.5,25.3,14.6,10.7,21.1,17.4,21.1,17.3,3191,412,160,31,1136,521,1136,523,4.26,1795,-1
"15",25129,72,"Pullea_perryana","Cunoniaceae","Tree",12,1.079181246,"Fiji","ao",17.742,178.392,47,24.8,6.3,6.3,1.3,30,20.1,9.9,26.1,23,26.3,23,2770,381,118,37,1006,391,1005,391,4.51,1864,-1
"16",25921,161,"Retama_sphaerocarpa","Fabaceae - P","Shrub",1.68,0.225309282,"Spain",NA,37.133,-2.367,648,15.3,10.1,3.8,5.7,30.1,3.6,26.5,12.3,22.8,23.1,8.6,355,43,5,44,121,27,33,114,2.79,991,1
"17",30396,46,"Themeda_triandra","Poaceae","Herb",0.7,-0.15490196,"South Africa","Zululand - ledube",28.234,32.017,289,20.5,10.2,5.8,2.4,28.5,11,17.5,23.4,17.2,23.4,17.2,926,129,32,43,347,104,344,104,3.35,525,-1
"19",11305,73,"Eleusine_aegyptica","Poaceae","Herb",0.6,-0.22184875,"Fiji","ab",17.667,178.167,312,23.5,6.3,6.2,1.3,28.9,18.8,10.1,25.1,21.7,25.1,21.7,2814,379,126,35,1027,413,1027,413,4.26,1795,-1
"20",17982,164,"Lepechinia_calycina","Lamiaceae","Shrub",1.6,0.204119983,"USA","Jasper Ridge - Chaparral",37.4,-122.233,150,13.8,11.3,5.5,3.3,24.2,4,20.2,9.6,17.7,18.1,9.6,598,120,2,87,311,9,13,311,1.51,223,1
"21",19569,117,"Maranthes_glabra","Chrysobalanaceae","Tree",32,1.505149978,"Liberia",NA,5.5,-7.5,152,26,8.8,7.5,0.9,32.5,20.8,11.7,25.9,26.4,27.2,24.8,2110,287,49,45,735,217,458,542,4.51,1857,1
"22",24893,189,"Pseudotsuga_menziesii","Pinaceae","Tree",61,1.785329835,"USA","Oregon",44,-122,1446,5,12.8,4.1,6.1,23.5,-7.3,30.8,-1.5,13.1,13.1,-2.1,1427,246,23,65,692,106,106,642,2.07,478,1
"24",23821,40,"Polygonum_lapathifolium","Polygonaceae","Herb",1,0,"Australia",NA,30.517,145.133,106,19.9,13.8,4.5,5.9,35.2,5,30.2,26.7,13.6,27.3,12.1,338,44,16,28,116,67,100,68,2.07,490,-1
"25",10692,71,"Diospyros_gillespiei","Ebenaceae","Tree",15,1.176091259,"Fiji","abko",17.758,178.577,13,24.9,6.3,6.3,1.3,30.1,20.1,10,26.5,23.3,26.5,23.2,2767,390,113,38,1012,379,1012,381,4.51,1864,-1
"26",15714,107,"Hibiscus_tiliaceus","Malvaceae","Tree",7,0.84509804,"Papua New Guinea","Motupore Island",9.5,147.267,30,26.8,8.3,7.6,0.8,32.5,21.6,10.9,27.5,25.7,27.7,25.6,1184,201,33,60,556,117,486,123,3.26,907,-1
"27",20585,78,"Myristica_macrantha","Myristicaceae","Tree",20,1.301029996,"Fiji","abo",17.356,178.675,3,25,6.3,6.4,1.2,30.2,20.4,9.8,26.5,23.4,26.5,23.4,2664,384,103,40,1011,349,1011,349,4.51,1864,-1
"29",16107,122,"Hybanthus_prunifolius","Violaceae","Shrub",2.9,0.462397998,"Panama","BCI",9.167,-79.85,94,26.3,6.7,7.3,0.7,31.2,22.1,9.1,25.7,26.4,27.3,25.5,2607,390,29,56,1026,138,407,705,4.51,2146,1
"30",19395,140,"Mallotus_japonicus","Euphorbiaceae","Tree",9.67,0.985426474,"Japan",NA,30.333,130.4,530,18.2,6.3,2.8,5.5,29.1,7.3,21.8,22.5,11.2,25.4,11.2,3042,521,137,39,1117,495,837,495,4.26,1335,1
"31",19849,64,"Melochia_longepetiolata","Malvaceae","Tree",8,0.903089987,"Fiji","k",18.967,178.283,72,24.1,6.4,5.9,1.5,29.8,19.1,10.7,25.7,22.3,26,22.2,2314,316,119,34,836,372,834,384,4.51,1864,-1
"32",11723,53,"Eremophila_forrestii","Scrophulariaceae","Shrub",2,0.301029996,"Australia","WA",24.65,113.7,7,22.3,10.7,4.6,4.1,33.8,10.8,23,18.2,23.1,27.6,17,216,50,0,83,127,5,54,108,1.51,464,-1
"33",18175,26,"Leucadendron_sp","Proteaceae","Shrub",0.6,-0.22184875,"South Africa","Stellenbosch - fynbos",33.992,18.975,387,15.7,11.2,5.3,3.5,27.3,6.3,21,12.2,20.2,20.3,11.5,1052,160,29,59,468,95,98,459,2.01,517,-1
"34",14954,18,"Hakea_rostrata","Proteaceae","Shrub",1.7,0.230448921,"Australia",NA,36.917,142.417,366,13,12.5,4.9,4.4,27.7,2.6,25.1,7.5,18.6,18.6,7.5,723,92,32,36,259,102,102,259,2.26,698,-1
"35",32697,38,"Adenanthos_cygnorum","Proteaceae","Tree",7,0.84509804,"Australia","Perth - Melaleuca Park",31.689,115.886,60,18.3,11.5,4.9,4.1,31.7,8.5,23.2,13.5,23.5,23.9,13.5,762,160,8,84,426,33,39,426,1.51,575,-1
"36",6851,222,"Cassiope_tetragona","Ericaceae","Shrub",0.08,-1.096910013,"Greenland","Zackenberg - hill",74.476,-20.629,83,-11.1,7,2.1,9.3,6,-26.5,32.5,-4.3,-7.4,1.7,-21.4,252,27,11,22,76,40,60,68,2.6,4,1
"37",30345,156,"Thalictrum_thalictroides","Ranunculaceae","Herb",0.2,-0.698970004,"USA","Duke Forest, Durham, NC",35.967,-79,99,14.9,13.4,3.9,7.6,31.8,-2.4,34.2,24.6,10.2,24.6,4.8,1150,113,81,12,325,252,325,277,3.26,1274,1
"38",26673,209,"Rumex_acetosa","Polygonaceae","Herb",0.707,-0.150580586,"Finland",NA,62,27,114,3.4,7.3,2.1,9,21.2,-12.2,33.4,13.5,-3.6,15.2,-8.1,637,84,33,29,221,104,209,129,2.76,477,1
"39",6787,137,"Casimiroa_greggii","Rutaceae","Shrub",7,0.84509804,"Mexico","Linares - Puenta Viejo",24.749,-99.799,736,20.7,14.3,5.5,4,32.9,7.2,25.7,23.5,15.2,25.4,15.2,703,149,14,71,325,54,268,54,2.26,844,1
"40",4175,10,"Baccharis_divaricata","Asteraceae","Shrub",0.5,-0.301029996,"Argentina","Puerto Madryn - dune",42.769,-64.101,66,13,10.3,4.7,4.2,24.5,2.7,21.8,13.7,17,18.3,7.4,214,28,9,35,77,36,37,55,1.01,404,-1
"41",15864,121,"Hirtella_triandra","Chrysobalanaceae","Tree",23.5,1.371067862,"Panama","Panama - BCI",9.15,-79.849,165,26.5,6.8,7.3,0.7,31.4,22.2,9.2,25.8,26.6,27.5,25.6,2542,383,27,56,1004,132,397,975,4.51,2146,1
"42",20367,139,"Morus_boninensis","Moraceae","Tree",16,1.204119983,"Japan",NA,26.65,142.133,230,23.4,4.6,3.1,3.6,30.1,15.7,14.4,27.2,18.5,27.7,18.5,1315,151,52,27,414,195,394,195,NA,NA,1
"43",3175,173,"Aquilegia_caerulea","Ranunculaceae","Herb",0.233,-0.632644079,"USA","Rockies",38.966,-106.987,2966,0.2,16.9,4,8.6,21.3,-20.8,42.1,10.5,4,11,-10.8,526,53,30,16,148,105,134,144,2.24,339,1
"44",21747,116,"Parashorea_malaanonan","Dipterocarpaceae","Tree",34,1.531478917,NA,NA,4.967,117.8,214,25.9,7.7,8.9,0.3,30.5,21.9,8.6,25.6,25.7,26.3,25.4,2315,253,147,14,692,512,515,670,4.51,2246,1
"46",26205,77,"Richella_monosperma","Annonaceae","Tree",15,1.176091259,"Fiji","aot",17.447,178.917,97,24.6,6.2,6.3,1.2,29.8,20.1,9.7,26.1,23,26.1,23,2660,382,103,41,1023,345,1023,345,4.5,1800,-1
"47",32313,37,"Xanthorrhoea_preissii","Xanthorrhoeaceae","Shrub",1.5,0.176091259,"Australia","Perth - Darling Scarp",32.02,116.044,209,17,11.2,4.6,4.5,31.2,7.2,24,11.7,22.7,23.1,11.7,1003,213,13,85,566,50,54,566,1.93,708,-1
"48",21013,126,"Ocotea_meziana","Lauraceae","Tree",16,1.204119983,"Costa Rica",NA,10.433,-83.983,50,26,8.8,7.6,0.8,32.2,20.7,11.5,26.2,26.8,27.1,25.1,3991,481,162,30,1281,581,741,1206,4.51,2132,1
"49",18104,21,"Leptospermum_continentale","Myrtaceae","Shrub",2.8,0.447158031,"Australia","Adelaide - ferries",35.235,139.132,52,15.6,11.7,5.3,3.7,27.8,5.8,22,10.9,20.2,20.3,10.9,384,45,18,29,127,59,60,127,2.17,661,-1
"50",2720,129,"Ampelocera_hottlei","Ulmaceae","Tree",25,1.397940009,"Mexico","Chajul",16.106,-90.987,41,25.9,11.3,6.9,1.5,34,17.8,16.2,26.6,25.8,27.5,23.7,3048,515,57,68,1422,195,680,304,4.51,1809,1
"51",12031,99,"Eucalyptus_miniata","Myrtaceae","Tree",20,1.301029996,"Australia","Howard Springs, Darwin",12.494,131.108,26,27.3,10.5,6,1.7,34.6,17.2,17.4,28.1,24.7,29.2,24.7,1505,371,1,104,970,7,408,7,4.07,956,-1
"52",15651,61,"Heteropogon_triticeus","Poaceae","Herb",0.4,-0.397940009,"Australia","Townsville savanna",19.337,146.755,79,23.9,9.9,5.2,3.1,31.7,12.9,18.8,27.1,20.3,27.3,19.4,1027,251,9,101,668,33,626,42,4.14,1012,-1
"53",8736,13,"Coprosma_robusta","Rubiaceae","Shrub",6,0.77815125,"New Zealand","Nelson",42,173,1650,4.2,8.5,4.4,3.7,14.8,-4.4,19.2,-0.1,8.9,8.9,-0.7,2043,204,105,16,582,388,388,580,4.26,1102,-1
"54",21930,220,"Pedicularis_lapponica","Orobanchaceae","Herb",0.2,-0.698970004,"Greenland","disko island",69.25,-53.6,150,-5.7,5.5,1.8,8,8.3,-20.7,29,1.2,-16.2,4.3,-16.2,305,38,16,30,106,52,87,52,1.01,32,1
"55",25274,151,"Quercus_calliprinos","Fagaceae","Shrub",3.5,0.544068044,"Israel","Adulam",34.935,34.935,358,4.8,7.1,2.2,8.7,21.8,-10.2,32,10.6,-5.7,16.1,-6.3,599,77,26,34,217,90,185,105,1.01,386,1
"56",29888,30,"Syncarpia_glomulifera","Myrtaceae","Tree",25,1.397940009,"Australia","Kuringai - Diatreme",33.578,151.292,188,17,9.7,4.8,3.8,26.1,5.9,20.2,21.4,12.6,21.5,11.9,1307,159,64,29,455,212,391,280,4.51,1435,-1
"57",89,158,"Abies_veitchii","Pinaceae","Tree",18,1.255272505,"Japan",NA,36.083,138.35,2090,2.4,8.7,2.6,8.6,19,-14.2,33.2,13.3,-8.6,13.3,-8.6,2142,303,63,51,885,204,885,204,3.26,751,1
"58",12090,23,"Eucalyptus_sp4","Myrtaceae","Tree",10,1,"Australia","Adelaide - Brookfield Chenopod",34.347,139.517,99,16.2,13.4,5.1,4.5,30.7,4.8,25.9,11.1,21.8,22,10.4,276,31,15,23,84,49,51,80,2.14,773,-1
"59",3646,79,"Ascarina_swamyana","Chloranthaceae","Tree",10,1,"Fiji","at",17.329,178.983,2,25.2,6.2,6.4,1.2,30.2,20.6,9.6,26.6,23.6,26.6,23.6,2576,375,96,42,1003,325,1003,325,4.5,1800,-1
"61",29156,94,"Sorocea_pileata","Moraceae","Tree",19,1.278753601,"Peru","Los Amigos floodplain",12.567,-70.093,217,24.9,10.5,7.4,1,31.5,17.4,14.1,25.6,23.3,25.7,23.3,3273,471,113,46,1310,381,1001,381,4.26,1475,-1
"62",9641,65,"Cyathocalyx_insularis","Annonaceae","Tree",20,1.301029996,"Fiji","ak",18.383,178.142,30,24.6,6.3,6.1,1.4,30,19.7,10.3,26,22.9,26.3,22.7,2674,345,132,32,943,414,925,431,4.26,1795,-1
"63",18176,31,"Leucadendron_corymbosum","Proteaceae","Shrub",3,0.477121255,"South Africa","Stellenbosch - renosterveld",33.448,19.048,89,17.9,13.5,5.3,4.3,31,5.7,25.3,13.2,23.2,23.2,12.4,583,94,11,63,271,48,48,266,1.51,633,-1
"64",18392,165,"Linanthus_sp","Polemoniaceae","Herb",0.11,-0.958607315,"USA","Jasper Ridge - Serpentine",37.4,-122.224,179,13.7,11.4,5.5,3.3,24.4,4,20.4,9.6,17.7,18,9.6,630,127,2,86,328,9,13,328,1.51,223,1
"65",32694,134,"Piranhea_sp","Picrodendraceae","Tree",12.5,1.096910013,"Mexico","Chamela",19.5,-105.043,357,26.2,12.8,7.2,1.6,33.6,16,17.6,27.7,25.2,28,23.9,790,215,1,110,546,12,403,29,4.07,855,1
"66",9244,28,"Crassula_rupestris","Crassulaceae","Shrub",0.6,-0.22184875,"South Africa","Stellenbosch - Karoo",33.609,19.457,394,16.5,13.8,5.4,4,29.6,4.4,25.2,11.3,21.4,21.4,11.3,546,87,14,60,253,48,48,253,1.51,557,-1
"67",24129,215,"Potentilla_nivea","Rosaceae","Herb",0.05,-1.301029996,"Greenland","Kangerlussuaq - dry",66.973,-50.568,75,-5.1,8.2,2.3,10,14.1,-21.2,35.3,6.3,-13.7,8.1,-16.6,257,31,11,33,92,40,84,45,1.29,65,1
"68",7054,132,"Cecropia_obtusifolia","Urticaceae","Tree",30,1.477121255,NA,NA,18.583,-95.117,550,22.7,8.7,5.7,2,30.6,15.4,15.2,23.5,23.9,24.9,20,2726,506,56,66,1248,198,463,371,4.14,991,1
"69",4583,111,"Berlinia_grandiflora","Fabaceae - C","Tree",35,1.544068044,"Republic of Congo","Congo - bai",2.16,16.153,403,24.8,10.5,8,0.6,31.6,18.5,13.1,24.4,24.8,25.6,24.1,1649,224,43,40,603,177,352,504,4.26,1648,1
"70",10189,85,"Decaspermum_cryptanthum","Myrtaceae","Shrub",3,0.477121255,"Fiji","b",16.583,179.242,611,22.5,6.1,6.4,1.1,27.7,18.3,9.4,23.8,21,23.8,21,2865,383,111,40,1110,374,1110,374,4.5,1800,-1
"71",8927,218,"Cornus_sp","Cornaceae","Herb",0.2,-0.698970004,"Norway","Norway",68.606,17.606,44,1.2,6.3,2.6,6.2,14.5,-9.5,24,6,-0.6,9.6,-6.2,788,95,41,25,260,132,213,193,1.51,121,1
"72",31945,3,"Viola_magellanica","Violaceae","Herb",0.05,-1.301029996,"Argentina","Rio Turbio - Nothofagus",51.578,-72.315,702,3.7,9.7,4.9,3.6,14,-5.6,19.6,3.5,4.2,8,-1.2,500,57,34,15,152,106,120,122,1.26,30,-1
"73",3876,142,"Astragalus_cruciatus","Fabaceae - P","Herb",0.0322,-1.492144128,NA,NA,31.5,35.1,860,16.8,11.6,4.5,5.3,30.3,4.9,25.4,9.8,22.9,22.9,9.8,420,103,0,106,265,0,0,265,1.26,305,1
"76",26391,212,"Rosa_acicularis","Rosaceae","Shrub",0.8,-0.096910013,"USA","Alaska campus",64.86,-147.862,688,-2.9,10.9,2.2,14.1,22.4,-26.7,49.1,14.7,-10.5,14.7,-21,301,54,8,57,144,31,144,47,2.51,317,1
"77",1762,163,"Aesculus_californica","Sapindaceae","Tree",16,1.204119983,"USA","Jasper Ridge - Oak forest",37.4,-122.236,84,13.8,11.2,5.5,3.3,24.1,4,20.1,9.6,17.7,18,9.6,603,121,2,86,313,9,13,313,1.51,223,1
"78",21743,62,"Paraserianthes_toona","Fabaceae - M","Tree",16,1.204119983,"Australia","Townsville Vine Thicket",19.332,146.773,99,23.9,9.9,5.2,3.1,31.6,12.8,18.8,27,20.2,27.2,19.3,1036,253,9,101,674,33,631,43,4.14,1012,-1
"79",32699,49,"Corymbia_maculata","Myrtaceae","Tree",30,1.477121255,"Australia","Toowoomba",28.085,151.729,643,17,13.7,5.1,4.8,29.5,2.8,26.7,22.6,10.5,22.6,10.5,706,92,32,35,258,111,258,111,2.51,1119,-1
"80",30075,105,"Tachigali_sp","Fabaceae - C","Tree",30,1.477121255,NA,NA,10.983,-65.717,165,26.5,11.1,7,0.7,34.4,18.7,15.7,26.5,25.7,27.4,25.7,1661,261,14,66,759,64,375,120,4.07,1225,-1
"81",10684,115,"Diospyros_borneensis","Ebenaceae","Tree",18.1,1.257678575,"Brunei",NA,4.5,115.167,280,26,6.7,9,0.2,29.9,22.5,7.4,25.9,26,26.3,25.7,3612,356,238,14,1050,761,881,838,4.51,2337,1
"82",9078,203,"Corylus_avellana","Betulaceae","Tree",10,1,"Sweden","Stockholm",58.953,17.61,10,7,6.5,2.4,7.1,21.8,-4.8,26.6,15.3,1,16.4,-1.7,508,61,24,28,172,81,162,112,2.79,533,1
"83",32688,20,"Allocasuarina_sp","Casuarinaceae","Shrub",3,0.477121255,"Australia","Adelaide - Cox's scrub",35.341,138.74,177,14.9,10,5.1,3.5,25.9,6.4,19.5,10.5,19.3,19.3,10.5,682,96,22,47,272,75,75,272,2.14,695,-1
"84",11477,50,"Englerophytum_natalense","Sapotaceae","Tree",7,0.84509804,"South Africa","Zululand - forest",28.072,32.039,267,19.4,10.2,6,2.3,27.2,10.3,16.9,22.1,16.5,22.1,16.2,964,139,28,49,372,97,371,97,3.35,525,-1
"85",2173,95,"Alchornea_castaneaefolia","Euphorbiaceae","Shrub",4,0.602059991,"Peru","Los Amigos - successional",12.566,-70.105,217,24.8,10.5,7.3,1,31.4,17.2,14.2,25.5,23.2,25.6,23.2,3283,472,113,45,1313,383,1004,383,4.26,1475,-1
"86",11376,216,"Empetrum_nigrum","Ericaceae","Shrub",0.08,-1.096910013,"Sweden","Abisko - Paddus",68.324,18.843,554,-1,7,2.4,7.5,14.6,-14.1,28.7,8.1,-6.7,9.1,-10.1,436,66,19,38,172,65,162,89,1.24,61,1
"87",26025,192,"Rhododendron_macrophyllum","Ericaceae","Shrub",5,0.698970004,"Western Oregon",NA,44.217,-122.233,1446,5,12.8,4.1,6.1,23.5,-7.3,30.8,-1.5,13.1,13.1,-2.1,1427,246,23,65,692,106,106,642,2.07,478,1
"88",18073,83,"Lepironia_articulata","Cyperaceae","Herb",2.5,0.397940009,"Fiji","t",16.858,179.967,265,24.3,6.1,6.5,1.1,29.3,20,9.3,25.6,22.8,25.6,22.8,2567,351,95,42,1009,324,1009,324,4.5,1800,-1
"89",17755,180,"Larix_olgensis","Pinaceae","Tree",32,1.505149978,"China",NA,42.333,135.5,3,23,4.6,3.1,3.8,30,15.2,14.8,27.1,18,27.6,18,1327,151,53,26,409,196,382,196,NA,NA,1
"90",12094,8,"Eucalyptus_oblongifolia","Myrtaceae","Tree",30,1.477121255,"Australia","Huon Rd, Tasmania",42.921,147.275,346,9.9,8.8,5,3,19.6,2.2,17.4,6.5,13.8,13.8,5.9,1037,115,63,17,311,205,205,296,2.82,743,-1
"92",8122,200,"Cirsium_vulgare","Asteraceae","Herb",2,0.301029996,"Netherlands",NA,52.8,4.333,17,9,5.4,2.7,5.3,19.9,0.1,19.8,10.6,9.9,15.7,2.9,781,88,42,25,256,139,200,184,3.46,733,1
"93",12539,152,"Fagus_crenata","Fagaceae","Tree",29.3,1.46686762,"Japan",NA,35.35,133.55,867,9.4,8.3,2.6,8.3,25.8,-5.7,31.5,19.9,1.4,20.1,-1.2,1975,288,102,37,721,331,706,349,4.14,1106,1
"95",5478,214,"Calamagrostis_stricta","Poaceae","Herb",0.22,-0.657577319,"Greenland","Kangerlussuaq - wet",66.973,-50.569,65,-5.1,8.2,2.3,10,14.1,-21.2,35.3,6.3,-13.7,8.1,-16.6,257,31,11,33,92,40,84,45,1.29,65,1
"96",22889,196,"Pinus_ponderosa","Pinaceae","Tree",41,1.612783857,NA,NA,45.817,-121.95,355,9.5,10.6,3.9,5.7,25.4,-1.6,27,2.9,16.8,16.9,2.4,2561,458,21,71,1278,125,142,1214,1.76,579,1
"97",22657,56,"Phyllostylon_rhamnoides","Ulmaceae","Tree",24,1.380211242,"Argentina","Tucuman - Yungas North",23.747,-64.854,737,19.8,12.9,5.2,3.9,30.7,6.2,24.5,23.4,14.4,24.2,14.4,793,162,4,89,455,20,439,20,2.42,476,-1
"98",11224,75,"Elatostema_nemorosum","Urticaceae","Herb",2,0.301029996,"Fiji","abkt",17.552,178.873,6,25,6.2,6.3,1.2,30.2,20.4,9.8,26.5,23.3,26.5,23.3,2662,386,103,40,1008,350,1008,350,4.5,1800,-1
"99",24987,51,"Psychotria_carthagenensis","Rubiaceae","Shrub",4.5,0.653212514,"Argentina","Tucuman - Yungas South",26.763,-65.333,935,18.6,11.5,4.8,4.2,29.8,6,23.8,23.6,14.6,23.6,12.9,882,184,10,82,472,33,472,34,1.51,596,-1
"100",22103,29,"Persoonia_lanceolata","Proteaceae","Shrub",2.4,0.380211242,"Australia","Kuringai - Challenger",33.595,151.276,151,16.9,9.8,4.8,3.8,26,5.7,20.3,21.3,12.4,21.4,11.7,1313,160,65,29,458,213,392,283,4.51,1435,-1
"101",2356,100,"Alloteropsis_semialata","Poaceae","Herb",2,0.301029996,"Australia","Howard Springs, Darwin",12.494,131.108,26,27.3,10.5,6,1.7,34.6,17.2,17.4,28.1,24.7,29.2,24.7,1505,371,1,104,970,7,408,7,4.07,956,-1
"102",11775,194,"Erigeron_glaucus","Asteraceae","Herb",0.04,-1.397940009,"USA","Oregon - Yaquina Head",44.667,-124.072,324,10.6,7.7,5,2.8,18.9,3.5,15.4,7.6,14,14.4,7.2,1936,315,27,62,900,133,134,848,2.51,572,1
"103",24239,97,"Pourouma_minor","Urticaceae","Tree",28,1.447158031,"Peru","Los Amigos -terrace",12.552,-70.111,237,24.8,10.5,7.3,1,31.4,17.2,14.2,25.4,23.2,25.6,23.2,3283,471,113,45,1312,383,1004,383,4.26,1475,-1
"104",31432,213,"Vaccinium_vitis-idaea","Ericaceae","Shrub",0.07,-1.15490196,"USA","Alaska - 12 Mile",65.391,-145.854,966,-6.4,11.2,2.1,15.1,20.6,-31.4,52,12.7,-15,12.7,-25.5,244,45,7,59,122,28,122,38,2.07,192,1
"105",11884,183,"Erucastrum_gallicum","Brassicaceae","Herb",0.28,-0.552841969,"USA",NA,43,-76.15,134,8.5,10.8,2.9,9.3,27.6,-9.5,37.1,10.3,-3,20.2,-3.9,996,96,62,13,275,200,271,213,3.14,972,1
"107",21605,93,"Panicum_sp","Poaceae","Herb",0.5,-0.301029996,"Zambia","Zambia - miombo",13.249,30.28,1506,18.6,12.4,5.6,2.4,29.3,7.5,21.8,20.2,15,20.9,15,1099,270,0,118,790,0,383,0,2.51,684,-1
"108",4619,217,"Betula_nana","Betulaceae","Shrub",0.8,-0.096910013,"Sweden","Abisko - forest",68.329,18.836,521,-0.7,7,2.4,7.4,14.8,-13.7,28.5,8.3,-6.4,9.3,-9.7,422,64,18,39,168,62,158,85,1.24,61,1
"109",4101,14,"Austrocedrus_chilensis","Cupressaceae","Tree",35,1.544068044,"Argentina","Bariloche",41.242,-71.425,1039,7,11.7,5.1,4.2,20.3,-2.6,22.9,1.7,12.4,12.4,1.7,972,175,28,56,443,106,106,443,4.14,691,-1
"110",30008,66,"Syzygium_brackenridgei","Myrtaceae","Tree",20,1.301029996,"Fiji","ako",18.15,178.356,13,24.8,6.3,6.1,1.4,30.2,19.9,10.3,26.1,23.1,26.4,22.9,2993,372,150,30,1025,468,969,483,4.51,1864,-1
"112",2661,159,"Amelanchier_arborea","Rosaceae","Tree",19,1.278753601,"USA","Twin springs, Virginia",36.817,-82.464,501,12.7,13,3.8,7.8,29.6,-4.5,34.1,20.6,13.4,22.4,2.3,1121,117,71,12,322,240,310,265,4.07,1325,1
"113",29608,19,"Stipa_sp","Poaceae","Herb",0.35,-0.455931956,"Argentina","Mendoza - Payunia",36.25,-68.824,1502,10.9,16.3,5.2,5.5,27.7,-3.6,31.3,17.3,6.9,18,3.8,208,23,13,17,65,44,61,47,1.89,522,-1
"114",29609,9,"Stipa_speciosa","Poaceae","Herb",0.25,-0.602059991,"Argentina","Puerto Madryn - steppe",42.79,-64.092,76,13,10.2,4.6,4.3,24.4,2.6,21.8,13.7,17,18.3,7.4,214,28,9,35,77,36,37,55,1.01,404,-1
"115",3971,11,"Atherosperma_moschatum","Atherospermataceae","Tree",30,1.477121255,"Australia","Tasmania",42.683,146.35,740,7.5,8.4,4.8,3,17.5,0.1,17.4,4,11.4,11.4,3.6,1720,182,72,23,530,280,280,495,2.96,643,-1
"118",7039,148,"Ceanothus_greggii","Rhamnaceae","Shrub",3,0.477121255,"USA","California",33.383,-116,-71,22.9,17.4,4.6,7.1,41.7,4.5,37.2,15.5,25.7,31.9,13.9,73,12,0,51,31,4,10,30,1.51,415,1
"119",10986,114,"Duguetia_surinamensis","Annonaceae","Tree",30,1.477121255,NA,NA,4.083,-52.667,174,24.9,8.8,7.4,0.4,31.4,19.6,11.8,24.8,25.4,25.4,24.3,3329,503,78,47,1245,304,328,1054,4.51,1896,1
"120",21931,221,"Pedicularis_hirsuta","Orobanchaceae","Herb",0.08,-1.096910013,"Greenland","Zackenberg - salix",74.474,-20.536,37,-10.5,7,2.1,9.3,6.5,-25.8,32.3,-3.7,-6.8,2.3,-20.7,236,26,10,24,73,36,57,63,2.6,4,1
"121",4330,44,"Banksia_hookeriana","Proteaceae","Shrub",2.02,0.305351369,"Australia",NA,29.567,115.233,94,20.2,13.5,5,4.7,35.2,8.7,26.5,15.7,24,26.5,14.5,475,108,7,84,267,27,32,267,1.99,411,-1
"123",32296,167,"Xanthium_occidentale","Asteraceae","Herb",1.15,0.06069784,"Japan",NA,38.217,140.833,38,12.4,8,2.5,8.1,28.4,-2.4,30.8,22.9,2.3,22.9,2.3,1263,181,50,43,506,162,506,162,3.57,932,1
"124",27405,141,"Sarcopoterium_spinosum","Rosaceae","Shrub",0.45,-0.346787486,"Israel","Lehavim",31.356,34.835,379,18.9,12,4.7,5,31.8,6.4,25.4,12.1,24.7,24.7,12.1,293,69,0,106,186,0,0,186,1.26,305,1
"125",4297,96,"Bambusa_weberbaueri","Poaceae","Shrub",6,0.77815125,"Peru","Los Amigos - Bamboo",12.566,-70.099,256,24.8,10.5,7.3,1,31.4,17.2,14.2,25.6,23.3,25.7,23.3,3269,470,112,45,1308,380,1001,397,4.26,1475,-1
"126",30971,207,"Triglochin_palustre","Juncaginaceae","Herb",0.15,-0.823908741,"USA","Alaska, Yukon delta",61.25,-165.5,1,-1.2,6.8,2.3,8.3,13.8,-15.3,29.1,9.1,-8.7,9.6,-11.1,657,133,24,61,313,85,256,90,2.15,204,1
"127",4614,202,"Betula_pendula","Betulaceae","Shrub",1.584893192,0.2,NA,NA,58.867,25,75,5.1,6.6,2.1,8.2,20.9,-9.2,30.1,6.1,-1.8,15.7,-5.1,691,78,34,28,225,112,202,144,2.76,474,1
"128",12621,4,"Festuca_gracillima","Poaceae","Herb",0.14,-0.853871964,"Argentina","Rio Turbio - heath",51.575,-72.312,747,3.7,9.7,4.9,3.6,14,-5.6,19.6,3.5,4.2,8,-1.2,500,57,34,15,152,106,120,122,1.26,30,-1
"129",12043,55,"Eucalyptus_gillenii","Myrtaceae","Shrub",5,0.698970004,"Australia","Alice - the gap",23.795,133.863,701,20.9,16.3,4.8,6,37,3.6,33.4,28.1,14.8,28.1,12.7,278,37,9,42,109,35,109,42,1.32,756,-1
"132",12046,43,"Eucalyptus_sp2","Myrtaceae","Tree",20,1.301029996,"Australia","Armidale - Goonoowigal",29.815,151.121,686,15.3,14.5,4.9,5.3,29.3,0.1,29.2,21.8,8.2,21.8,8.2,780,105,37,33,287,133,287,133,3.26,1272,-1
"134",18174,22,"Leucadendron_meridianum","Proteaceae","Shrub",1.7,0.230448921,"South Africa",NA,34.583,19.917,71,16.7,8.5,5.1,2.8,25,8.5,16.5,13.2,20.1,20.2,13.2,484,59,20,34,176,67,77,176,2.14,825,-1
"135",5464,195,"Cakile_edentula","Brassicaceae","Herb",0.2,-0.698970004,"Canada","Nova Scotia",44.683,-63.117,4,6.4,9.1,2.8,8,22.5,-9.5,32,-0.8,13.4,16.5,-3.8,1379,149,91,16,432,294,296,400,3.26,711,1
"136",12089,24,"Eucalyptus_socialis","Myrtaceae","Tree",6,0.77815125,"Australia","Adelaide - Brookfield Mallee",34.32,139.503,95,16.2,13.3,5.1,4.6,30.7,4.8,25.9,13,21.9,22,10.5,272,30,15,23,83,49,50,79,2.14,773,-1
"138",6529,143,"Carnegiea_gigantea","Cactaceae","Shrub",8,0.903089987,"USA","Tucson - Sonoran desert",32.31,-110.739,971,18.9,15.7,4.6,6.9,36.3,2.5,33.8,27.2,22.2,27.9,10.4,380,71,6,61,176,24,144,98,1.01,477,1
"139",5079,92,"Bridelia_micrantha","Phyllanthaceae","Tree",9,0.954242509,"Zambia","Zambia - Mateshi",13.253,30.047,1388,19.1,12.7,5.5,2.6,30.1,7.3,22.8,20.9,15.1,21.7,15.1,1085,265,0,118,778,0,383,0,4.03,652,-1
"140",28046,5,"Senecio_filaginoides","Asteraceae","Herb",0.6,-0.22184875,NA,"Patagonia",45.417,-70,500,9.6,11.2,4.6,4.8,22.6,-1.3,23.9,3.9,15.6,15.6,3.3,174,23,7,35,65,25,25,57,2.42,505,-1
"141",32120,171,"Vulpia_microstachys","Poaceae","Herb",0.239,-0.621602099,NA,NA,38.867,-122.417,646,13.5,15.3,4.7,6,32.8,0.5,32.3,6.5,21.4,21.4,6.5,867,182,1,88,469,11,11,469,2.14,595,1
"142",29331,48,"Spirostachys_africanus","Euphorbiaceae","Shrub",4.5,0.653212514,"South Africa","Zululand - Mbuzane",28.221,31.794,161,21,11,5.9,2.5,29.3,10.7,18.6,23.9,17.4,23.9,17.4,834,116,25,47,321,84,309,84,3.35,525,-1
"143",28244,67,"Sesbania_grandiflora","Fabaceae - P","Tree",12,1.079181246,"Fiji","a-ngau",17.917,178.65,12,24.8,6.3,6.3,1.3,30.1,20.1,10,26.2,23.2,26.4,23,2835,401,116,37,1026,385,1019,398,4.51,1864,-1
"144",12604,145,"Ferocactus_cylindraceus","Cactaceae","Shrub",1.7,0.230448921,"USA","Tucson",32.6,-111.233,690,20.5,17.2,4.6,7.4,39.2,2.6,36.6,29.5,23.8,30,11.4,354,57,8,50,143,29,117,97,1.26,349,1
"146",22732,211,"Picea_mariana","Pinaceae","Tree",13.5,1.130333768,"USA","Alaska - Bonanza",64.769,-148.283,382,-4.3,10.7,2.2,13.9,21,-27.1,48.1,13.2,-12.1,13.2,-21.9,296,57,7,68,157,28,157,41,2.51,363,1
"147",8880,198,"Corema_conradi","Ericaceae","Shrub",0.5,-0.301029996,"Canada","Quebec",47.533,-61.7,1,4.9,6.2,2,8.2,20.4,-10.2,30.6,-1.8,11.8,15.6,-5.4,977,110,64,18,308,201,222,239,NA,NA,1
"148",21232,149,"Opuntia_acanthocarpa","Cactaceae","Shrub",0.72,-0.142667504,"USA","California",33.633,-116.4,900,16.7,16.6,4.7,6.6,36.3,1.5,34.8,9.9,22.6,25.4,8.9,290,46,2,57,129,22,50,126,1.01,492,1
"150",4331,42,"Banksia_hookeriana","Proteaceae","Shrub",1.71,0.23299611,"Australia","Western Australia",29.867,115.25,79,20.1,13.3,5.1,4.6,35,9,26,14.7,26,26.4,14.7,520,117,5,83,292,29,30,292,1.67,75,-1
"151",2834,109,"Andropogon_greenwayi","Poaceae","Herb",0.3,-0.522878745,"Tanzania","Serengeti, Naabi hill",3.217,35.483,1550,13.7,8.8,6.5,1.3,20.4,6.9,13.5,14.8,12.2,14.8,11.7,1019,192,9,73,451,33,451,44,3.48,1209,-1
"152",10460,12,"Dicksonia_antarctica","Dicksoniaceae","Shrub",3,0.477121255,"Australia","Mt Field, Tasmania",42.679,146.669,704,7.9,8.8,4.8,3.2,18.2,0,18.2,4.2,12,12,3.7,1156,117,54,20,347,200,200,322,2.96,643,-1
"153",9565,101,"Cupaniopsis_anacardioides","Sapindaceae","Tree",8,0.903089987,"Australia","Darwin - East point",12.406,130.82,11,27.5,9.6,6.2,1.5,33.9,18.5,15.4,28.2,25.2,29.1,25.2,1663,428,1,106,1091,10,428,10,4.07,956,-1
"154",4332,41,"Banksia_tricuspis","Proteaceae","Shrub",2.9,0.462397998,"Australia",NA,30.167,115.233,274,18.1,12.5,5.1,4.2,31.9,7.7,24.2,13.1,21.5,23.8,13.1,597,132,6,83,333,34,38,333,1.67,75,-1
"155",12097,16,"Eucalyptus_sp5","Myrtaceae","Tree",13,1.113943352,"Australia","Bunyip - Melbourne",38.01,145.62,164,13.6,10.5,4.8,3.7,25.7,4.2,21.5,11.1,18.4,18.4,8.8,1016,107,52,20,313,176,176,275,2.71,793,-1
"156",4954,176,"Bouteloua_gracilis","Poaceae","Herb",0.2,-0.698970004,"USA","Colorado",40.817,-107.783,2177,4.3,16.9,3.9,9,27.7,-15.5,43.2,3.4,-7.3,15.9,-7.3,374,37,23,13,106,77,93,77,0.51,261,1
"157",25823,174,"Ratibida_columnifera","Asteraceae","Herb",1,0,"USA","Kansas",39.083,-96.583,407,12,12.7,3,10,32.3,-9.1,41.4,22.1,-1.4,24.5,-1.4,872,137,20,51,355,71,326,71,4.14,1414,1
"158",11205,112,"Elateriospermum_tapos","Euphorbiaceae","Tree",39.6,1.597695186,"Malaysia",NA,2.983,102.3,116,26.5,9.5,8.5,0.5,32.2,21.1,11.1,26.1,26.6,27.1,25.8,1974,254,103,30,710,324,524,633,4.51,2270,1
"159",26532,205,"Rubus_chamaemorus","Rosaceae","Shrub",0.158,-0.801342913,"Finland",NA,60,27,75,4.5,7.1,2.2,8.7,21.5,-10.5,32,10.2,-6,15.8,-6.6,597,78,26,34,216,90,184,106,2.82,502,1
"160",21730,58,"Paraneurachne_muelleri","Poaceae","Herb",0.5,-0.301029996,"Australia","Kunoth Paddock - Alice Springs",23.533,133.748,713,20.4,16,4.8,6.1,36.3,3.1,33.2,26.6,14.2,27.5,12.1,310,41,11,42,121,40,121,46,1.01,605,-1
"162",16438,179,"Impatiens_capensis","Balsaminaceae","Herb",3,0.477121255,"Rhode Island","USA",41.667,-71.25,44,10.1,10,2.9,8.4,27.4,-6.5,33.9,1.8,18.3,20.9,-0.8,1176,117,81,11,332,256,262,311,3.39,1044,1
"163",26983,208,"Salix_lapponum","Salicaceae","Shrub",1.05,0.021189299,"Norway",NA,61.6,7.5,1520,-2.1,6.2,2.8,5.4,10,-11.7,21.7,-4.9,0.1,5.2,-8.5,1418,159,71,23,446,244,337,399,1.01,45,1
"164",12619,7,"Festuca_novae-zealandiae","Poaceae","Herb",0.5,-0.301029996,"New Zealand",NA,43.033,171.75,587,9.1,9,4.6,3.6,19.1,-0.3,19.4,8.8,12.2,13.6,4.3,2421,247,131,15,704,502,537,580,1.46,41,-1
"165",3358,135,"Ardisia_tenera","Myrsinaceae","Tree",11,1.041392685,"China",NA,21.96,101.2,749,21,11.9,5.3,3.3,30.5,8.4,22.1,23.9,17.5,24.3,16.1,1476,275,20,74,753,67,616,73,4.04,1435,1
"166",12541,199,"Fagus_sylvatica","Fagaceae","Tree",39,1.591064607,"Germany","Barvaria",49.867,10.45,415,8,8.9,3.2,6.7,22.9,-4.1,27,16.5,0.5,16.5,-0.7,692,80,43,18,218,143,218,155,3.57,827,1
"167",17783,150,"Larrea_tridentata","Zygophyllaceae","Shrub",1.94,0.28780173,NA,NA,34.55,-116.883,920,16.6,16.6,4.5,7.1,36.9,0.4,36.5,9.3,23.3,25.9,8.1,212,34,2,60,97,16,19,95,1.26,279,1
"168",13427,204,"Gentiana_campestris","Gentianaceae","Herb",12.4,1.093421685,"Sweden","Sodermanland",59.333,16.85,33,6.2,7.3,2.5,7.3,21.7,-6.6,28.3,14.7,0.2,15.9,-2.8,564,70,27,29,197,90,188,116,3.07,615,1
"169",7867,6,"Chionochloa_pallens","Poaceae","Herb",1.5,0.176091259,"New Zealand","Canterbury",43.533,171.55,1070,7.8,9.4,4.5,3.9,18.5,-2,20.5,5.5,12.5,12.6,2.6,1211,120,71,12,339,259,266,326,1.26,30,-1
"171",15377,110,"Heliconia_acuminata","Heliconiaceae","Herb",0.75,-0.124938737,"Brazil",NA,2.5,-60,111,27,8.6,8.3,0.4,32.5,22.2,10.3,26.6,27.4,27.6,26.5,2319,299,108,31,803,352,415,718,4.26,1692,-1
"172",17329,170,"Juniperus_virginiana","Cupressaceae","Shrub",4,0.602059991,"USA",NA,38.75,-96.583,407,12.1,12.8,3,9.9,32.4,-9,41.4,22.1,-1.3,24.5,-1.3,859,133,20,49,338,73,310,73,2.76,1127,1
"173",11188,76,"Elaeocarpus_pyriformis","Elaeocarpaceae","Tree",15,1.176091259,"Fiji","abngau",17.472,178.847,41,25,6.3,6.4,1.2,30.1,20.4,9.7,26.4,23.3,26.4,23.3,2616,379,100,41,1012,335,1012,335,4.5,1800,-1
"174",2357,91,"Alloteropsis_semialata","Poaceae","Herb",0.55,-0.259637311,"Australia","Cape York",14.967,143.583,85,26,12.4,6.2,2.3,35.1,15.1,20,27.8,23.4,28.4,22.7,1117,290,2,113,767,9,501,13,4.03,811,-1
"176",21230,32,"Opuntia_aurantiaca","Cactaceae","Shrub",0.5,-0.301029996,NA,NA,33.2,26.367,614,16.7,13.6,5.9,3.1,27.4,4.6,22.8,20.6,13.1,20.6,12.5,630,73,28,27,197,98,197,104,1.76,933,-1
"177",29075,210,"Sorbus_aucuparia","Rosaceae","Tree",15,1.176091259,"Sweeden","Umea",63.817,20.267,21,2.7,8.5,2.4,8.9,20.7,-13.8,34.5,13.1,-4.2,14.5,-8.6,572,70,32,26,189,99,168,128,2.79,414,1
"178",13426,197,"Gentiana_cruciata","Gentianaceae","Herb",0.246,-0.609064893,"Switzerland",NA,46.5,7,1608,3.5,7.5,3,6,16.5,-7.9,24.4,-4.1,4.6,11.1,-4.1,1555,155,112,10,438,359,385,438,3.26,690,1
